Period - Custom May 31 2017 - Apr 8 2021,Per Period (kWh),Cumulative (kWh),
2017-05-31,13.614,13.614,
2017-06-01,62.600,76.214,
2017-06-02,55.582,131.796,
2017-06-03,52.772,184.568,
2017-06-04,56.384,240.952,
2017-06-05,16.666,257.618,
2017-06-06,44.307,301.925,
2017-06-07,26.311,328.236,
2017-06-08,51.861,380.097,
2017-06-09,56.370,436.467,
2017-06-10,57.710,494.177,
2017-06-11,59.168,553.345,
2017-06-12,50.775,604.120,
2017-06-13,56.708,660.828,
2017-06-14,43.103,703.931,
2017-06-15,40.092,744.023,
2017-06-16,17.270,761.293,
2017-06-17,33.861,795.154,
2017-06-18,50.156,845.310,
2017-06-19,27.411,872.721,
2017-06-20,52.741,925.462,
2017-06-21,47.932,973.394,
2017-06-22,29.781,1003.175,
2017-06-23,36.937,1040.112,
2017-06-24,55.291,1095.403,
2017-06-25,55.159,1150.562,
2017-06-26,52.455,1203.017,
2017-06-27,52.871,1255.888,
2017-06-28,56.995,1312.883,
2017-06-29,53.216,1366.099,
2017-06-30,57.259,1423.358,
2017-07-01,43.908,1467.266,
2017-07-02,43.724,1510.990,
2017-07-03,51.113,1562.103,
2017-07-04,49.830,1611.933,
2017-07-05,18.570,1630.503,
2017-07-06,16.533,1647.036,
2017-07-07,50.320,1697.356,
2017-07-08,50.788,1748.144,
2017-07-09,61.701,1809.845,
2017-07-10,53.952,1863.797,
2017-07-11,37.667,1901.464,
2017-07-12,32.969,1934.433,
2017-07-13,33.732,1968.165,
2017-07-14,22.076,1990.241,
2017-07-15,53.987,2044.228,
2017-07-16,52.013,2096.241,
2017-07-17,48.180,2144.421,
2017-07-18,54.025,2198.446,
2017-07-19,53.269,2251.715,
2017-07-20,49.661,2301.376,
2017-07-21,42.239,2343.615,
2017-07-22,28.070,2371.685,
2017-07-23,32.348,2404.033,
2017-07-24,51.656,2455.689,
2017-07-25,42.623,2498.312,
2017-07-26,50.303,2548.615,
2017-07-27,32.688,2581.303,
2017-07-28,14.153,2595.456,
2017-07-29,27.666,2623.122,
2017-07-30,61.291,2684.413,
2017-07-31,57.114,2741.527,
2017-08-01,49.295,2790.822,
2017-08-02,54.274,2845.096,
2017-08-03,50.618,2895.714,
2017-08-04,55.200,2950.914,
2017-08-05,51.686,3002.600,
2017-08-06,29.682,3032.282,
2017-08-07,11.772,3044.054,
2017-08-08,42.927,3086.981,
2017-08-09,60.038,3147.019,
2017-08-10,41.438,3188.457,
2017-08-11,24.454,3212.911,
2017-08-12,38.338,3251.249,
2017-08-13,52.083,3303.332,
2017-08-14,14.990,3318.322,
2017-08-15,16.189,3334.511,
2017-08-16,44.359,3378.870,
2017-08-17,47.172,3426.042,
2017-08-18,33.552,3459.594,
2017-08-19,53.735,3513.329,
2017-08-20,56.899,3570.228,
2017-08-21,43.968,3614.196,
2017-08-22,50.255,3664.451,
2017-08-23,47.893,3712.344,
2017-08-24,41.102,3753.446,
2017-08-25,48.393,3801.839,
2017-08-26,51.102,3852.941,
2017-08-27,39.444,3892.385,
2017-08-28,38.890,3931.275,
2017-08-29,5.691,3936.966,
2017-08-30,44.899,3981.865,
2017-08-31,43.500,4025.365,
2017-09-01,16.394,4041.759,
2017-09-02,7.617,4049.376,
2017-09-03,35.540,4084.916,
2017-09-04,55.168,4140.084,
2017-09-05,36.975,4177.059,
2017-09-06,5.753,4182.812,
2017-09-07,42.068,4224.880,
2017-09-08,44.124,4269.004,
2017-09-09,50.300,4319.304,
2017-09-10,47.846,4367.150,
2017-09-11,37.664,4404.814,
2017-09-12,28.419,4433.233,
2017-09-13,19.089,4452.322,
2017-09-14,30.502,4482.824,
2017-09-15,43.598,4526.422,
2017-09-16,39.832,4566.254,
2017-09-17,35.687,4601.941,
2017-09-18,37.521,4639.462,
2017-09-19,38.190,4677.652,
2017-09-20,48.121,4725.773,
2017-09-21,41.907,4767.680,
2017-09-22,30.245,4797.925,
2017-09-23,47.565,4845.490,
2017-09-24,44.090,4889.580,
2017-09-25,37.463,4927.043,
2017-09-26,36.541,4963.584,
2017-09-27,40.675,5004.259,
2017-09-28,45.131,5049.390,
2017-09-29,39.110,5088.500,
2017-09-30,34.581,5123.081,
2017-10-01,42.068,5165.149,
2017-10-02,39.920,5205.069,
2017-10-03,36.627,5241.696,
2017-10-04,36.666,5278.362,
2017-10-05,23.065,5301.427,
2017-10-06,27.329,5328.756,
2017-10-07,31.558,5360.314,
2017-10-08,11.671,5371.985,
2017-10-09,14.150,5386.135,
2017-10-10,22.926,5409.061,
2017-10-11,2.260,5411.321,
2017-10-12,2.689,5414.010,
2017-10-13,7.540,5421.550,
2017-10-14,14.342,5435.892,
2017-10-15,15.139,5451.031,
2017-10-16,20.500,5471.531,
2017-10-17,24.800,5496.331,
2017-10-18,23.112,5519.443,
2017-10-19,22.457,5541.900,
2017-10-20,22.035,5563.935,
2017-10-21,22.145,5586.080,
2017-10-22,20.354,5606.434,
2017-10-23,13.168,5619.602,
2017-10-24,16.757,5636.359,
2017-10-25,20.112,5656.471,
2017-10-26,20.333,5676.804,
2017-10-27,18.792,5695.596,
2017-10-28,18.263,5713.859,
2017-10-29,3.432,5717.291,
2017-10-30,20.387,5737.678,
2017-10-31,18.585,5756.263,
2017-11-01,7.596,5763.859,
2017-11-02,18.457,5782.316,
2017-11-03,11.730,5794.046,
2017-11-04,17.488,5811.534,
2017-11-05,4.872,5816.406,
2017-11-06,12.706,5829.112,
2017-11-07,2.216,5831.328,
2017-11-08,11.300,5842.628,
2017-11-09,6.058,5848.686,
2017-11-10,14.789,5863.475,
2017-11-11,17.620,5881.095,
2017-11-12,14.394,5895.489,
2017-11-13,13.590,5909.079,
2017-11-14,10.549,5919.628,
2017-11-15,14.268,5933.896,
2017-11-16,10.515,5944.411,
2017-11-17,13.151,5957.562,
2017-11-18,6.432,5963.994,
2017-11-19,13.022,5977.016,
2017-11-20,11.760,5988.776,
2017-11-21,14.438,6003.214,
2017-11-22,10.485,6013.699,
2017-11-23,11.117,6024.816,
2017-11-24,10.436,6035.252,
2017-11-25,12.365,6047.617,
2017-11-26,11.556,6059.173,
2017-11-27,10.725,6069.898,
2017-11-28,9.635,6079.533,
2017-11-29,10.198,6089.731,
2017-11-30,10.908,6100.639,
2017-12-01,10.492,6111.131,
2017-12-02,12.064,6123.195,
2017-12-03,10.012,6133.207,
2017-12-04,13.716,6146.923,
2017-12-05,6.429,6153.352,
2017-12-06,14.087,6167.439,
2017-12-07,11.143,6178.582,
2017-12-08,6.731,6185.313,
2017-12-09,0.760,6186.073,
2017-12-10,1.995,6188.068,
2017-12-11,10.766,6198.834,
2017-12-12,6.072,6204.906,
2017-12-13,10.116,6215.022,
2017-12-14,10.916,6225.938,
2017-12-15,1.038,6226.976,
2017-12-16,10.640,6237.616,
2017-12-17,8.337,6245.953,
2017-12-18,9.259,6255.212,
2017-12-19,9.576,6264.788,
2017-12-20,8.489,6273.277,
2017-12-21,9.341,6282.618,
2017-12-22,6.824,6289.442,
2017-12-23,2.052,6291.494,
2017-12-24,8.257,6299.751,
2017-12-25,9.421,6309.172,
2017-12-26,10.297,6319.469,
2017-12-27,11.235,6330.704,
2017-12-28,10.607,6341.311,
2017-12-29,11.821,6353.132,
2017-12-30,1.775,6354.907,
2017-12-31,4.299,6359.206,
2018-01-01,7.321,6366.527,
2018-01-02,10.088,6376.615,
2018-01-03,13.926,6390.541,
2018-01-04,8.462,6399.003,
2018-01-05,11.544,6410.547,
2018-01-06,12.585,6423.132,
2018-01-07,12.741,6435.873,
2018-01-08,6.575,6442.448,
2018-01-09,11.145,6453.593,
2018-01-10,10.806,6464.399,
2018-01-11,10.807,6475.206,
2018-01-12,6.850,6482.056,
2018-01-13,12.798,6494.854,
2018-01-14,12.521,6507.375,
2018-01-15,13.559,6520.934,
2018-01-16,12.162,6533.096,
2018-01-17,10.368,6543.464,
2018-01-18,12.948,6556.412,
2018-01-19,15.081,6571.493,
2018-01-20,13.184,6584.677,
2018-01-21,12.795,6597.472,
2018-01-22,13.135,6610.607,
2018-01-23,10.112,6620.719,
2018-01-24,8.264,6628.983,
2018-01-25,16.844,6645.827,
2018-01-26,16.270,6662.097,
2018-01-27,17.626,6679.723,
2018-01-28,3.545,6683.268,
2018-01-29,12.104,6695.372,
2018-01-30,18.133,6713.505,
2018-01-31,19.780,6733.285,
2018-02-01,7.357,6740.642,
2018-02-02,16.825,6757.467,
2018-02-03,21.473,6778.940,
2018-02-04,1.028,6779.968,
2018-02-05,21.665,6801.633,
2018-02-06,10.499,6812.132,
2018-02-07,2.023,6814.155,
2018-02-08,24.256,6838.411,
2018-02-09,17.262,6855.673,
2018-02-10,4.479,6860.152,
2018-02-11,5.388,6865.540,
2018-02-12,10.825,6876.365,
2018-02-13,21.031,6897.396,
2018-02-14,18.025,6915.421,
2018-02-15,22.468,6937.889,
2018-02-16,4.594,6942.483,
2018-02-17,14.522,6957.005,
2018-02-18,18.834,6975.839,
2018-02-19,12.111,6987.950,
2018-02-20,29.460,7017.410,
2018-02-21,28.012,7045.422,
2018-02-22,6.234,7051.656,
2018-02-23,6.953,7058.609,
2018-02-24,4.921,7063.530,
2018-02-25,5.472,7069.002,
2018-02-26,10.563,7079.565,
2018-02-27,38.896,7118.461,
2018-02-28,25.318,7143.779,
2018-03-01,7.622,7151.401,
2018-03-02,23.409,7174.810,
2018-03-03,45.302,7220.112,
2018-03-04,46.645,7266.757,
2018-03-05,47.692,7314.449,
2018-03-06,10.926,7325.375,
2018-03-07,24.326,7349.701,
2018-03-08,31.192,7380.893,
2018-03-09,43.040,7423.933,
2018-03-10,48.693,7472.626,
2018-03-11,45.788,7518.414,
2018-03-12,16.729,7535.143,
2018-03-13,47.111,7582.254,
2018-03-14,36.330,7618.584,
2018-03-15,29.135,7647.719,
2018-03-16,55.371,7703.090,
2018-03-17,10.941,7714.031,
2018-03-18,56.443,7770.474,
2018-03-19,45.542,7816.016,
2018-03-20,2.482,7818.498,
2018-03-21,2.710,7821.208,
2018-03-22,21.994,7843.202,
2018-03-23,57.770,7900.972,
2018-03-24,51.056,7952.028,
2018-03-25,56.931,8008.959,
2018-03-26,60.047,8069.006,
2018-03-27,13.913,8082.919,
2018-03-28,12.358,8095.277,
2018-03-29,30.272,8125.549,
2018-03-30,20.786,8146.335,
2018-03-31,60.113,8206.448,
2018-04-01,23.098,8229.546,
2018-04-02,20.566,8250.113,
2018-04-03,14.002,8264.115,
2018-04-04,41.591,8305.706,
2018-04-05,53.277,8358.983,
2018-04-06,38.264,8397.247,
2018-04-07,13.397,8410.644,
2018-04-08,55.316,8465.960,
2018-04-09,13.707,8479.667,
2018-04-10,58.826,8538.493,
2018-04-11,39.758,8578.251,
2018-04-12,47.560,8625.811,
2018-04-13,56.609,8682.420,
2018-04-14,56.451,8738.871,
2018-04-15,10.469,8749.340,
2018-04-16,21.148,8770.487,
2018-04-17,18.713,8789.200,
2018-04-18,60.334,8849.534,
2018-04-19,30.607,8880.142,
2018-04-20,63.860,8944.002,
2018-04-21,54.430,8998.432,
2018-04-22,46.650,9045.082,
2018-04-23,43.800,9088.882,
2018-04-24,12.360,9101.242,
2018-04-25,17.590,9118.832,
2018-04-26,60.850,9179.682,
2018-04-27,28.040,9207.722,
2018-04-28,43.650,9251.372,
2018-04-29,45.180,9296.552,
2018-04-30,63.720,9360.272,
2018-05-01,61.930,9422.202,
2018-05-02,58.140,9480.342,
2018-05-03,55.580,9535.922,
2018-05-04,32.440,9568.362,
2018-05-05,16.480,9584.842,
2018-05-06,15.980,9600.822,
2018-05-07,50.790,9651.612,
2018-05-08,56.800,9708.412,
2018-05-09,60.210,9768.622,
2018-05-10,28.840,9797.462,
2018-05-11,52.370,9849.832,
2018-05-12,52.820,9902.652,
2018-05-13,18.150,9920.802,
2018-05-14,35.020,9955.822,
2018-05-15,53.070,10008.892,
2018-05-16,17.200,10026.092,
2018-05-17,13.720,10039.812,
2018-05-18,7.346,10047.158,
2018-05-19,12.968,10060.126,
2018-05-20,51.348,10111.474,
2018-05-21,43.339,10154.813,
2018-05-22,26.933,10181.746,
2018-05-23,48.986,10230.732,
2018-05-24,61.742,10292.474,
2018-05-25,58.934,10351.408,
2018-05-26,42.281,10393.689,
2018-05-27,34.981,10428.670,
2018-05-28,18.020,10446.690,
2018-05-29,40.950,10487.640,
2018-05-30,16.575,10504.215,
2018-05-31,18.612,10522.827,
2018-06-01,51.060,10573.887,
2018-06-02,19.022,10592.909,
2018-06-03,7.550,10600.459,
2018-06-04,40.908,10641.367,
2018-06-05,39.496,10680.863,
2018-06-06,50.612,10731.475,
2018-06-07,55.207,10786.682,
2018-06-08,41.330,10828.012,
2018-06-09,39.654,10867.666,
2018-06-10,16.687,10884.353,
2018-06-11,12.160,10896.513,
2018-06-12,55.801,10952.314,
2018-06-13,32.543,10984.857,
2018-06-14,61.882,11046.739,
2018-06-15,60.423,11107.162,
2018-06-16,56.637,11163.799,
2018-06-17,44.122,11207.921,
2018-06-18,49.391,11257.312,
2018-06-19,32.222,11289.534,
2018-06-20,25.513,11315.047,
2018-06-21,31.977,11347.024,
2018-06-22,6.780,11353.804,
2018-06-23,27.291,11381.095,
2018-06-24,37.220,11418.315,
2018-06-25,49.000,11467.315,
2018-06-26,52.804,11520.119,
2018-06-27,21.507,11541.626,
2018-06-28,58.483,11600.109,
2018-06-29,58.931,11659.040,
2018-06-30,55.562,11714.602,
2018-07-01,55.728,11770.330,
2018-07-02,54.296,11824.626,
2018-07-03,52.084,11876.710,
2018-07-04,32.610,11909.320,
2018-07-05,40.982,11950.302,
2018-07-06,25.355,11975.657,
2018-07-07,62.689,12038.346,
2018-07-08,61.787,12100.133,
2018-07-09,60.680,12160.813,
2018-07-10,58.289,12219.102,
2018-07-11,51.297,12270.399,
2018-07-12,55.644,12326.043,
2018-07-13,56.423,12382.466,
2018-07-14,56.020,12438.486,
2018-07-15,25.778,12464.264,
2018-07-16,51.018,12515.282,
2018-07-17,32.533,12547.815,
2018-07-18,58.447,12606.262,
2018-07-19,56.978,12663.240,
2018-07-20,48.887,12712.127,
2018-07-21,9.367,12721.494,
2018-07-22,26.467,12747.961,
2018-07-23,22.120,12770.081,
2018-07-24,21.762,12791.843,
2018-07-25,20.143,12811.986,
2018-07-26,52.087,12864.073,
2018-07-27,41.260,12905.333,
2018-07-28,54.770,12960.103,
2018-07-29,52.853,13012.956,
2018-07-30,14.814,13027.770,
2018-07-31,20.204,13047.974,
2018-08-01,39.844,13087.818,
2018-08-02,20.938,13108.756,
2018-08-03,21.057,13129.813,
2018-08-04,48.957,13178.770,
2018-08-05,51.376,13230.146,
2018-08-06,45.511,13275.657,
2018-08-07,34.325,13309.982,
2018-08-08,47.244,13357.226,
2018-08-09,49.175,13406.401,
2018-08-10,48.571,13454.972,
2018-08-11,44.213,13499.185,
2018-08-12,16.965,13516.150,
2018-08-13,35.609,13551.759,
2018-08-14,43.060,13594.819,
2018-08-15,47.548,13642.367,
2018-08-16,47.307,13689.674,
2018-08-17,29.917,13719.591,
2018-08-18,25.208,13744.799,
2018-08-19,42.208,13787.007,
2018-08-20,19.085,13806.092,
2018-08-21,23.739,13829.831,
2018-08-22,36.706,13866.537,
2018-08-23,57.551,13924.088,
2018-08-24,55.957,13980.045,
2018-08-25,46.837,14026.882,
2018-08-26,46.109,14072.991,
2018-08-27,38.953,14111.944,
2018-08-28,48.718,14160.662,
2018-08-29,50.757,14211.419,
2018-08-30,44.646,14256.065,
2018-08-31,43.759,14299.824,
2018-09-01,22.516,14322.340,
2018-09-02,44.768,14367.108,
2018-09-03,50.372,14417.480,
2018-09-04,43.507,14460.987,
2018-09-05,48.509,14509.496,
2018-09-06,42.855,14552.351,
2018-09-07,30.076,14582.427,
2018-09-08,7.503,14589.930,
2018-09-09,3.004,14592.934,
2018-09-10,5.678,14598.612,
2018-09-11,8.756,14607.368,
2018-09-12,12.241,14619.609,
2018-09-13,15.301,14634.910,
2018-09-14,8.255,14643.165,
2018-09-15,16.083,14659.248,
2018-09-16,22.375,14681.623,
2018-09-17,8.637,14690.260,
2018-09-18,27.443,14717.703,
2018-09-19,41.255,14758.958,
2018-09-20,35.256,14794.214,
2018-09-21,8.783,14802.997,
2018-09-22,14.793,14817.790,
2018-09-23,3.903,14821.693,
2018-09-24,3.179,14824.872,
2018-09-25,9.273,14834.145,
2018-09-26,23.430,14857.575,
2018-09-27,6.717,14864.292,
2018-09-28,35.843,14900.135,
2018-09-29,36.916,14937.051,
2018-09-30,33.712,14970.763,
2018-10-01,30.814,15001.577,
2018-10-02,19.852,15021.429,
2018-10-03,23.362,15044.791,
2018-10-04,30.161,15074.952,
2018-10-05,16.245,15091.197,
2018-10-06,8.523,15099.720,
2018-10-07,23.819,15123.539,
2018-10-08,17.194,15140.733,
2018-10-09,17.276,15158.009,
2018-10-10,17.684,15175.693,
2018-10-11,6.865,15182.558,
2018-10-12,24.852,15207.410,
2018-10-13,14.532,15221.942,
2018-10-14,11.767,15233.709,
2018-10-15,5.313,15239.022,
2018-10-16,20.213,15259.235,
2018-10-17,17.771,15277.006,
2018-10-18,20.758,15297.764,
2018-10-19,19.988,15317.752,
2018-10-20,13.703,15331.455,
2018-10-21,15.490,15346.945,
2018-10-22,19.423,15366.368,
2018-10-23,17.905,15384.273,
2018-10-24,16.779,15401.052,
2018-10-25,18.815,15419.867,
2018-10-26,6.328,15426.195,
2018-10-27,10.459,15436.654,
2018-10-28,14.014,15450.668,
2018-10-29,12.828,15463.496,
2018-10-30,15.558,15479.054,
2018-10-31,16.273,15495.327,
2018-11-01,16.603,15511.930,
2018-11-02,6.743,15518.673,
2018-11-03,15.411,15534.084,
2018-11-04,17.111,15551.195,
2018-11-05,5.513,15556.708,
2018-11-06,4.174,15560.882,
2018-11-07,8.460,15569.342,
2018-11-08,16.659,15586.001,
2018-11-09,2.336,15588.337,
2018-11-10,16.029,15604.366,
2018-11-11,15.243,15619.609,
2018-11-12,11.701,15631.310,
2018-11-13,4.754,15636.064,
2018-11-14,16.033,15652.097,
2018-11-15,0,15652.097,
2018-11-16,2.978,15655.075,
2018-11-17,10.534,15665.609,
2018-11-18,8.549,15674.158,
2018-11-19,15.594,15689.752,
2018-11-20,9.991,15699.743,
2018-11-21,11.657,15711.400,
2018-11-22,13.513,15724.913,
2018-11-23,12.262,15737.175,
2018-11-24,1.293,15738.468,
2018-11-25,11.416,15749.884,
2018-11-26,2.903,15752.787,
2018-11-27,8.197,15760.984,
2018-11-28,13.366,15774.350,
2018-11-29,13.308,15787.658,
2018-11-30,7.024,15794.682,
2018-12-01,2.097,15796.779,
2018-12-02,6.213,15802.992,
2018-12-03,11.026,15814.018,
2018-12-04,7.202,15821.220,
2018-12-05,10.666,15831.886,
2018-12-06,12.744,15844.630,
2018-12-07,9.972,15854.602,
2018-12-08,13.285,15867.887,
2018-12-09,3.893,15871.780,
2018-12-10,11.681,15883.461,
2018-12-11,9.529,15892.990,
2018-12-12,11.242,15904.232,
2018-12-13,12.169,15916.401,
2018-12-14,3.172,15919.573,
2018-12-15,2.529,15922.102,
2018-12-16,3.672,15925.774,
2018-12-17,10.885,15936.659,
2018-12-18,8.978,15945.637,
2018-12-19,11.087,15956.724,
2018-12-20,2.719,15959.443,
2018-12-21,8.693,15968.136,
2018-12-22,9.846,15977.982,
2018-12-23,7.874,15985.856,
2018-12-24,11.110,15996.966,
2018-12-25,10.172,16007.138,
2018-12-26,9.236,16016.374,
2018-12-27,9.385,16025.759,
2018-12-28,3.011,16028.770,
2018-12-29,9.126,16037.896,
2018-12-30,11.787,16049.683,
2018-12-31,1.173,16050.856,
2019-01-01,6.339,16057.195,
2019-01-02,3.176,16060.371,
2019-01-03,9.230,16069.601,
2019-01-04,6.969,16076.570,
2019-01-05,5.654,16082.224,
2019-01-06,10.066,16092.290,
2019-01-07,5.329,16097.619,
2019-01-08,9.524,16107.143,
2019-01-09,7.151,16114.294,
2019-01-10,10.950,16125.244,
2019-01-11,11.005,16136.249,
2019-01-12,6.174,16142.423,
2019-01-13,0,16142.423,
2019-01-14,0,16142.423,
2019-01-15,0,16142.423,
2019-01-16,0,16142.423,
2019-01-17,0,16142.423,
2019-01-18,4.113,16146.536,
2019-01-19,1.446,16147.982,
2019-01-20,9.691,16157.673,
2019-01-21,13.381,16171.054,
2019-01-22,14.129,16185.183,
2019-01-23,5.905,16191.088,
2019-01-24,4.454,16195.542,
2019-01-25,15.334,16210.876,
2019-01-26,13.092,16223.968,
2019-01-27,11.859,16235.827,
2019-01-28,15.934,16251.761,
2019-01-29,2.545,16254.306,
2019-01-30,2.718,16257.024,
2019-01-31,17.545,16274.569,
2019-02-01,1.345,16275.914,
2019-02-02,10.588,16286.502,
2019-02-03,19.853,16306.355,
2019-02-04,18.125,16324.480,
2019-02-05,18.498,16342.978,
2019-02-06,11.170,16354.148,
2019-02-07,8.538,16362.686,
2019-02-08,18.926,16381.612,
2019-02-09,23.412,16405.024,
2019-02-10,18.155,16423.179,
2019-02-11,2.838,16426.017,
2019-02-12,3.070,16429.087,
2019-02-13,19.917,16449.004,
2019-02-14,12.610,16461.614,
2019-02-15,20.931,16482.545,
2019-02-16,25.731,16508.276,
2019-02-17,12.764,16521.040,
2019-02-18,15.569,16536.609,
2019-02-19,27.517,16564.126,
2019-02-20,0,16564.126,
2019-02-21,8.773,16572.899,
2019-02-22,10.754,16583.653,
2019-02-23,5.533,16589.186,
2019-02-24,14.118,16603.304,
2019-02-25,35.833,16639.137,
2019-02-26,33.290,16672.427,
2019-02-27,23.920,16696.347,
2019-02-28,36.689,16733.036,
2019-03-01,0.387,16733.423,
2019-03-02,12.833,16746.256,
2019-03-03,6.602,16752.858,
2019-03-04,24.272,16777.130,
2019-03-05,43.263,16820.393,
2019-03-06,37.308,16857.701,
2019-03-07,36.385,16894.086,
2019-03-08,9.359,16903.445,
2019-03-09,9.096,16912.541,
2019-03-10,17.542,16930.083,
2019-03-11,31.284,16961.367,
2019-03-12,50.926,17012.293,
2019-03-13,38.065,17050.358,
2019-03-14,43.565,17093.923,
2019-03-15,20.713,17114.636,
2019-03-16,55.298,17169.934,
2019-03-17,53.718,17223.652,
2019-03-18,36.641,17260.293,
2019-03-19,48.343,17308.636,
2019-03-20,29.752,17338.388,
2019-03-21,2.867,17341.255,
2019-03-22,27.789,17369.044,
2019-03-23,58.706,17427.750,
2019-03-24,45.046,17472.796,
2019-03-25,14.900,17487.696,
2019-03-26,59.451,17547.147,
2019-03-27,56.321,17603.468,
2019-03-28,52.329,17655.797,
2019-03-29,17.621,17673.418,
2019-03-30,30.958,17704.376,
2019-03-31,34.592,17738.968,
2019-04-01,60.121,17799.089,
2019-04-02,21.636,17820.725,
2019-04-03,58.169,17878.894,
2019-04-04,34.267,17913.161,
2019-04-05,6.130,17919.291,
2019-04-06,55.897,17975.188,
2019-04-07,25.059,18000.247,
2019-04-08,29.548,18029.795,
2019-04-09,39.786,18069.581,
2019-04-10,49.094,18118.675,
2019-04-11,39.228,18157.903,
2019-04-12,10.509,18168.412,
2019-04-13,34.750,18203.162,
2019-04-14,8.062,18211.224,
2019-04-15,27.805,18239.029,
2019-04-16,50.457,18289.486,
2019-04-17,36.660,18326.146,
2019-04-18,42.051,18368.197,
2019-04-19,10.100,18378.297,
2019-04-20,52.634,18430.931,
2019-04-21,37.477,18468.408,
2019-04-22,52.209,18520.617,
2019-04-23,55.122,18575.739,
2019-04-24,40.218,18615.957,
2019-04-25,27.977,18643.934,
2019-04-26,16.463,18660.397,
2019-04-27,60.888,18721.285,
2019-04-28,37.638,18758.923,
2019-04-29,40.509,18799.432,
2019-04-30,44.933,18844.365,
2019-05-01,11.940,18856.305,
2019-05-02,39.764,18896.069,
2019-05-03,29.739,18925.808,
2019-05-04,25.587,18951.395,
2019-05-05,7.766,18959.161,
2019-05-06,49.581,19008.742,
2019-05-07,53.639,19062.381,
2019-05-08,17.939,19080.320,
2019-05-09,19.783,19100.103,
2019-05-10,38.581,19138.684,
2019-05-11,17.834,19156.518,
2019-05-12,8.265,19164.783,
2019-05-13,16.192,19180.975,
2019-05-14,31.495,19212.470,
2019-05-15,55.794,19268.264,
2019-05-16,51.875,19320.139,
2019-05-17,34.488,19354.627,
2019-05-18,43.831,19398.458,
2019-05-19,45.113,19443.571,
2019-05-20,42.338,19485.909,
2019-05-21,55.699,19541.608,
2019-05-22,42.282,19583.890,
2019-05-23,38.142,19622.032,
2019-05-24,57.557,19679.589,
2019-05-25,45.044,19724.633,
2019-05-26,36.394,19761.027,
2019-05-27,41.950,19802.977,
2019-05-28,48.366,19851.343,
2019-05-29,44.725,19896.068,
2019-05-30,29.300,19925.368,
2019-05-31,51.026,19976.394,
2019-06-01,49.836,20026.230,
2019-06-02,30.956,20057.186,
2019-06-03,59.639,20116.825,
2019-06-04,56.708,20173.533,
2019-06-05,26.178,20199.711,
2019-06-06,45.276,20244.987,
2019-06-07,28.027,20273.014,
2019-06-08,43.095,20316.109,
2019-06-09,15.745,20331.854,
2019-06-10,14.708,20346.562,
2019-06-11,60.442,20407.004,
2019-06-12,52.735,20459.739,
2019-06-13,33.404,20493.143,
2019-06-14,58.317,20551.460,
2019-06-15,33.055,20584.515,
2019-06-16,32.937,20617.452,
2019-06-17,42.916,20660.368,
2019-06-18,32.095,20692.463,
2019-06-19,35.841,20728.304,
2019-06-20,39.444,20767.748,
2019-06-21,44.042,20811.790,
2019-06-22,57.777,20869.567,
2019-06-23,57.233,20926.800,
2019-06-24,35.785,20962.585,
2019-06-25,48.491,21011.076,
2019-06-26,53.550,21064.626,
2019-06-27,43.201,21107.827,
2019-06-28,49.794,21157.621,
2019-06-29,49.707,21207.328,
2019-06-30,56.669,21263.997,
2019-07-01,57.614,21321.611,
2019-07-02,46.730,21368.341,
2019-07-03,49.554,21417.895,
2019-07-04,39.191,21457.086,
2019-07-05,41.426,21498.512,
2019-07-06,40.613,21539.125,
2019-07-07,31.161,21570.286,
2019-07-08,14.090,21584.376,
2019-07-09,54.869,21639.245,
2019-07-10,51.388,21690.633,
2019-07-11,23.173,21713.806,
2019-07-12,51.891,21765.697,
2019-07-13,55.410,21821.107,
2019-07-14,49.190,21870.297,
2019-07-15,55.405,21925.702,
2019-07-16,39.646,21965.348,
2019-07-17,40.370,22005.718,
2019-07-18,38.797,22044.515,
2019-07-19,50.798,22095.313,
2019-07-20,45.819,22141.132,
2019-07-21,38.617,22179.749,
2019-07-22,16.940,22196.689,
2019-07-23,21.325,22218.014,
2019-07-24,47.240,22265.254,
2019-07-25,53.336,22318.590,
2019-07-26,53.995,22372.585,
2019-07-27,52.170,22424.755,
2019-07-28,47.578,22472.333,
2019-07-29,50.671,22523.004,
2019-07-30,42.498,22565.502,
2019-07-31,21.445,22586.947,
2019-08-01,47.671,22634.618,
2019-08-02,39.760,22674.378,
2019-08-03,43.538,22717.916,
2019-08-04,46.537,22764.453,
2019-08-05,41.874,22806.327,
2019-08-06,46.997,22853.324,
2019-08-07,29.967,22883.291,
2019-08-08,48.123,22931.414,
2019-08-09,47.476,22978.890,
2019-08-10,40.734,23019.624,
2019-08-11,55.316,23074.940,
2019-08-12,50.514,23125.454,
2019-08-13,18.685,23144.139,
2019-08-14,34.022,23178.161,
2019-08-15,16.666,23194.827,
2019-08-16,36.001,23230.828,
2019-08-17,43.481,23274.309,
2019-08-18,48.956,23323.265,
2019-08-19,45.924,23369.189,
2019-08-20,37.480,23406.669,
2019-08-21,39.352,23446.021,
2019-08-22,44.371,23490.392,
2019-08-23,8.920,23499.312,
2019-08-24,37.610,23536.922,
2019-08-25,45.033,23581.955,
2019-08-26,31.414,23613.369,
2019-08-27,22.410,23635.779,
2019-08-28,22.817,23658.596,
2019-08-29,52.479,23711.075,
2019-08-30,49.601,23760.676,
2019-08-31,43.504,23804.180,
2019-09-01,18.680,23822.860,
2019-09-02,33.654,23856.514,
2019-09-03,51.171,23907.685,
2019-09-04,39.657,23947.342,
2019-09-05,27.622,23974.964,
2019-09-06,38.902,24013.866,
2019-09-07,43.496,24057.362,
2019-09-08,36.748,24094.110,
2019-09-09,19.586,24113.696,
2019-09-10,36.302,24149.998,
2019-09-11,35.890,24185.888,
2019-09-12,32.769,24218.657,
2019-09-13,4.845,24223.502,
2019-09-14,14.828,24238.330,
2019-09-15,47.076,24285.406,
2019-09-16,39.181,24324.587,
2019-09-17,23.060,24347.647,
2019-09-18,38.309,24385.956,
2019-09-19,42.408,24428.364,
2019-09-20,42.895,24471.259,
2019-09-21,36.149,24507.408,
2019-09-22,34.996,24542.404,
2019-09-23,31.740,24574.144,
2019-09-24,26.105,24600.249,
2019-09-25,37.758,24638.007,
2019-09-26,22.707,24660.714,
2019-09-27,33.891,24694.605,
2019-09-28,24.293,24718.898,
2019-09-29,27.418,24746.316,
2019-09-30,4.366,24750.682,
2019-10-01,22.828,24773.510,
2019-10-02,23.061,24796.571,
2019-10-03,20.883,24817.454,
2019-10-04,28.904,24846.358,
2019-10-05,22.475,24868.833,
2019-10-06,7.692,24876.525,
2019-10-07,7.910,24884.435,
2019-10-08,8.371,24892.806,
2019-10-09,22.621,24915.427,
2019-10-10,21.469,24936.896,
2019-10-11,21.079,24957.975,
2019-10-12,11.621,24969.596,
2019-10-13,15.834,24985.430,
2019-10-14,18.231,25003.661,
2019-10-15,17.459,25021.120,
2019-10-16,3.627,25024.747,
2019-10-17,8.527,25033.274,
2019-10-18,17.437,25050.711,
2019-10-19,16.730,25067.441,
2019-10-20,5.276,25072.717,
2019-10-21,14.961,25087.678,
2019-10-22,3.067,25090.745,
2019-10-23,13.670,25104.415,
2019-10-24,13.468,25117.883,
2019-10-25,16.786,25134.669,
2019-10-26,7.578,25142.247,
2019-10-27,12.005,25154.252,
2019-10-28,15.009,25169.261,
2019-10-29,9.021,25178.282,
2019-10-30,5.805,25184.087,
2019-10-31,2.737,25186.824,
2019-11-01,17.813,25204.637,
2019-11-02,16.651,25221.288,
2019-11-03,16.717,25238.005,
2019-11-04,16.033,25254.038,
2019-11-05,14.726,25268.764,
2019-11-06,14.842,25283.606,
2019-11-07,8.543,25292.149,
2019-11-08,13.553,25305.702,
2019-11-09,15.204,25320.906,
2019-11-10,13.355,25334.261,
2019-11-11,14.819,25349.080,
2019-11-12,5.453,25354.533,
2019-11-13,13.526,25368.059,
2019-11-14,14.963,25383.022,
2019-11-15,14.361,25397.383,
2019-11-16,12.082,25409.465,
2019-11-17,10.643,25420.108,
2019-11-18,6.738,25426.846,
2019-11-19,12.802,25439.648,
2019-11-20,6.365,25446.013,
2019-11-21,12.438,25458.451,
2019-11-22,3.618,25462.069,
2019-11-23,7.729,25469.798,
2019-11-24,10.828,25480.626,
2019-11-25,10.277,25490.903,
2019-11-26,10.243,25501.146,
2019-11-27,6.897,25508.043,
2019-11-28,5.216,25513.259,
2019-11-29,12.126,25525.385,
2019-11-30,6.522,25531.907,
2019-12-01,1.658,25533.565,
2019-12-02,7.347,25540.912,
2019-12-03,11.313,25552.225,
2019-12-04,8.135,25560.360,
2019-12-05,8.953,25569.313,
2019-12-06,8.083,25577.396,
2019-12-07,12.928,25590.324,
2019-12-08,12.946,25603.270,
2019-12-09,1.646,25604.916,
2019-12-10,1.403,25606.319,
2019-12-11,8.018,25614.337,
2019-12-12,10.419,25624.756,
2019-12-13,2.262,25627.018,
2019-12-14,4.941,25631.959,
2019-12-15,9.950,25641.909,
2019-12-16,0.205,25642.114,
2019-12-17,1.791,25643.905,
2019-12-18,9.704,25653.609,
2019-12-19,9.178,25662.787,
2019-12-20,10.028,25672.815,
2019-12-21,8.705,25681.520,
2019-12-22,11.151,25692.671,
2019-12-23,10.793,25703.464,
2019-12-24,11.307,25714.771,
2019-12-25,12.256,25727.027,
2019-12-26,10.886,25737.913,
2019-12-27,12.170,25750.083,
2019-12-28,11.309,25761.392,
2019-12-29,2.255,25763.647,
2019-12-30,6.963,25770.610,
2019-12-31,9.349,25779.959,
2020-01-01,9.799,25789.758,
2020-01-02,11.820,25801.578,
2020-01-03,3.000,25804.578,
2020-01-04,4.708,25809.286,
2020-01-05,8.359,25817.645,
2020-01-06,10.116,25827.761,
2020-01-07,2.314,25830.075,
2020-01-08,1.320,25831.395,
2020-01-09,10.354,25841.749,
2020-01-10,8.304,25850.053,
2020-01-11,2.949,25853.002,
2020-01-12,9.736,25862.738,
2020-01-13,9.547,25872.285,
2020-01-14,2.408,25874.693,
2020-01-15,12.071,25886.764,
2020-01-16,11.202,25897.966,
2020-01-17,12.776,25910.742,
2020-01-18,1.799,25912.541,
2020-01-19,12.587,25925.128,
2020-01-20,12.661,25937.789,
2020-01-21,12.719,25950.508,
2020-01-22,12.762,25963.270,
2020-01-23,13.521,25976.791,
2020-01-24,6.598,25983.389,
2020-01-25,8.953,25992.342,
2020-01-26,12.216,26004.558,
2020-01-27,10.644,26015.202,
2020-01-28,8.804,26024.006,
2020-01-29,11.817,26035.823,
2020-01-30,15.468,26051.291,
2020-01-31,10.930,26062.221,
2020-02-01,14.111,26076.332,
2020-02-02,14.003,26090.335,
2020-02-03,17.152,26107.487,
2020-02-04,8.278,26115.765,
2020-02-05,4.941,26120.706,
2020-02-06,1.792,26122.498,
2020-02-07,13.307,26135.805,
2020-02-08,16.257,26152.062,
2020-02-09,18.752,26170.814,
2020-02-10,5.184,26175.998,
2020-02-11,5.776,26181.774,
2020-02-12,11.659,26193.433,
2020-02-13,3.915,26197.348,
2020-02-14,24.075,26221.423,
2020-02-15,25.709,26247.132,
2020-02-16,9.763,26256.895,
2020-02-17,24.151,26281.046,
2020-02-18,19.397,26300.443,
2020-02-19,20.738,26321.181,
2020-02-20,13.287,26334.468,
2020-02-21,29.455,26363.923,
2020-02-22,29.834,26393.757,
2020-02-23,30.418,26424.175,
2020-02-24,19.599,26443.774,
2020-02-25,5.803,26449.577,
2020-02-26,4.620,26454.197,
2020-02-27,33.946,26488.143,
2020-02-28,21.588,26509.731,
2020-02-29,31.396,26541.127,
2020-03-01,36.447,26577.574,
2020-03-02,28.872,26606.446,
2020-03-03,12.347,26618.793,
2020-03-04,38.626,26657.419,
2020-03-05,29.684,26687.103,
2020-03-06,19.378,26706.481,
2020-03-07,42.400,26748.881,
2020-03-08,42.457,26791.338,
2020-03-09,41.004,26832.342,
2020-03-10,16.964,26849.306,
2020-03-11,10.058,26859.364,
2020-03-12,33.963,26893.327,
2020-03-13,31.963,26925.290,
2020-03-14,31.223,26956.513,
2020-03-15,14.153,26970.666,
2020-03-16,27.827,26998.493,
2020-03-17,28.356,27026.849,
2020-03-18,22.254,27049.103,
2020-03-19,22.771,27071.874,
2020-03-20,9.480,27081.354,
2020-03-21,16.447,27097.801,
2020-03-22,44.484,27142.285,
2020-03-23,8.251,27150.536,
2020-03-24,19.847,27170.383,
2020-03-25,9.534,27179.917,
2020-03-26,45.346,27225.263,
2020-03-27,23.763,27249.026,
2020-03-28,7.480,27256.506,
2020-03-29,14.882,27271.388,
2020-03-30,54.655,27326.043,
2020-03-31,11.936,27337.979,
2020-04-01,23.935,27361.914,
2020-04-02,56.929,27418.843,
2020-04-03,57.719,27476.562,
2020-04-04,24.091,27500.653,
2020-04-05,36.774,27537.427,
2020-04-06,54.569,27591.996,
2020-04-07,30.502,27622.498,
2020-04-08,41.755,27664.253,
2020-04-09,49.176,27713.429,
2020-04-10,44.076,27757.505,
2020-04-11,52.716,27810.221,
2020-04-12,24.630,27834.851,
2020-04-13,29.076,27863.927,
2020-04-14,36.318,27900.245,
2020-04-15,51.831,27952.076,
2020-04-16,52.594,28004.670,
2020-04-17,27.704,28032.374,
2020-04-18,28.163,28060.537,
2020-04-19,43.330,28103.867,
2020-04-20,28.926,28132.793,
2020-04-21,31.684,28164.477,
2020-04-22,57.469,28221.946,
2020-04-23,15.658,28237.604,
2020-04-24,13.733,28251.337,
2020-04-25,27.868,28279.205,
2020-04-26,10.992,28290.197,
2020-04-27,24.613,28314.810,
2020-04-28,10.247,28325.057,
2020-04-29,28.460,28353.517,
2020-04-30,6.945,28360.462,
2020-05-01,36.296,28396.758,
2020-05-02,52.681,28449.439,
2020-05-03,21.023,28470.462,
2020-05-04,59.620,28530.082,
2020-05-05,19.278,28549.360,
2020-05-06,15.942,28565.302,
2020-05-07,58.529,28623.831,
2020-05-08,10.212,28634.043,
2020-05-09,37.119,28671.162,
2020-05-10,58.040,28729.202,
2020-05-11,32.376,28761.578,
2020-05-12,46.566,28808.144,
2020-05-13,57.276,28865.420,
2020-05-14,28.506,28893.926,
2020-05-15,48.874,28942.800,
2020-05-16,44.423,28987.223,
2020-05-17,16.427,29003.650,
2020-05-18,12.820,29016.470,
2020-05-19,29.055,29045.525,
2020-05-20,43.876,29089.401,
2020-05-21,22.908,29112.309,
2020-05-22,16.406,29128.715,
2020-05-23,45.002,29173.717,
2020-05-24,14.850,29188.567,
2020-05-25,29.948,29218.515,
2020-05-26,50.333,29268.848,
2020-05-27,23.476,29292.324,
2020-05-28,30.215,29322.539,
2020-05-29,38.060,29360.599,
2020-05-30,52.914,29413.513,
2020-05-31,48.375,29461.888,
2020-06-01,58.106,29519.994,
2020-06-02,35.627,29555.621,
2020-06-03,46.005,29601.626,
2020-06-04,44.948,29646.574,
2020-06-05,31.417,29677.991,
2020-06-06,44.722,29722.713,
2020-06-07,54.741,29777.454,
2020-06-08,56.104,29833.558,
2020-06-09,47.210,29880.768,
2020-06-10,41.950,29922.718,
2020-06-11,40.320,29963.038,
2020-06-12,52.806,30015.844,
2020-06-13,48.859,30064.703,
2020-06-14,25.952,30090.655,
2020-06-15,42.886,30133.541,
2020-06-16,36.300,30169.841,
2020-06-17,16.768,30186.609,
2020-06-18,32.890,30219.499,
2020-06-19,32.166,30251.665,
2020-06-20,29.102,30280.767,
2020-06-21,43.616,30324.383,
2020-06-22,41.122,30365.505,
2020-06-23,34.131,30399.636,
2020-06-24,49.481,30449.117,
2020-06-25,31.875,30480.992,
2020-06-26,44.767,30525.759,
2020-06-27,40.554,30566.313,
2020-06-28,33.696,30600.009,
2020-06-29,53.086,30653.095,
2020-06-30,51.998,30705.093,
2020-07-01,47.198,30752.291,
2020-07-02,51.094,30803.385,
2020-07-03,51.218,30854.603,
2020-07-04,49.879,30904.482,
2020-07-05,47.081,30951.563,
2020-07-06,46.438,30998.001,
2020-07-07,32.205,31030.206,
2020-07-08,47.232,31077.438,
2020-07-09,48.324,31125.762,
2020-07-10,45.629,31171.391,
2020-07-11,29.018,31200.409,
2020-07-12,30.060,31230.469,
2020-07-13,47.202,31277.671,
2020-07-14,53.554,31331.225,
2020-07-15,46.772,31377.997,
2020-07-16,32.728,31410.725,
2020-07-17,45.077,31455.802,
2020-07-18,50.174,31505.976,
2020-07-19,41.246,31547.222,
2020-07-20,37.118,31584.340,
2020-07-21,39.926,31624.266,
2020-07-22,26.324,31650.590,
2020-07-23,38.816,31689.406,
2020-07-24,26.559,31715.965,
2020-07-25,39.517,31755.482,
2020-07-26,50.867,31806.349,
2020-07-27,46.468,31852.817,
2020-07-28,37.674,31890.491,
2020-07-29,52.931,31943.422,
2020-07-30,38.796,31982.218,
2020-07-31,13.979,31996.197,
2020-08-01,24.918,32021.115,
2020-08-02,42.494,32063.609,
2020-08-03,18.532,32082.141,
2020-08-04,31.497,32113.638,
2020-08-05,44.622,32158.260,
2020-08-06,36.451,32194.711,
2020-08-07,34.210,32228.921,
2020-08-08,23.847,32252.768,
2020-08-09,48.801,32301.569,
2020-08-10,49.338,32350.907,
2020-08-11,41.688,32392.595,
2020-08-12,43.677,32436.272,
2020-08-13,27.714,32463.986,
2020-08-14,30.583,32494.569,
2020-08-15,13.405,32507.974,
2020-08-16,25.717,32533.691,
2020-08-17,45.891,32579.582,
2020-08-18,44.065,32623.647,
2020-08-19,35.595,32659.242,
2020-08-20,45.433,32704.675,
2020-08-21,27.564,32732.239,
2020-08-22,24.336,32756.575,
2020-08-23,45.038,32801.613,
2020-08-24,38.663,32840.276,
2020-08-25,36.785,32877.061,
2020-08-26,44.204,32921.265,
2020-08-27,36.058,32957.323,
2020-08-28,28.881,32986.204,
2020-08-29,25.454,33011.658,
2020-08-30,50.658,33062.316,
2020-08-31,7.896,33070.212,
2020-09-01,7.506,33077.718,
2020-09-02,24.357,33102.075,
2020-09-03,22.249,33124.324,
2020-09-04,30.776,33155.100,
2020-09-05,48.028,33203.128,
2020-09-06,44.811,33247.939,
2020-09-07,43.971,33291.910,
2020-09-08,41.892,33333.802,
2020-09-09,20.748,33354.550,
2020-09-10,18.354,33372.904,
2020-09-11,18.332,33391.236,
2020-09-12,9.717,33400.953,
2020-09-13,35.212,33436.165,
2020-09-14,29.101,33465.266,
2020-09-15,32.855,33498.121,
2020-09-16,28.462,33526.583,
2020-09-17,15.356,33541.939,
2020-09-18,25.376,33567.315,
2020-09-19,42.777,33610.092,
2020-09-20,40.656,33650.748,
2020-09-21,39.445,33690.193,
2020-09-22,37.314,33727.507,
2020-09-23,34.487,33761.994,
2020-09-24,12.264,33774.258,
2020-09-25,12.208,33786.466,
2020-09-26,13.553,33800.019,
2020-09-27,19.151,33819.170,
2020-09-28,16.856,33836.026,
2020-09-29,5.326,33841.352,
2020-09-30,29.067,33870.419,
2020-10-01,17.112,33887.531,
2020-10-02,27.865,33915.396,
2020-10-03,26.588,33941.984,
2020-10-04,24.413,33966.397,
2020-10-05,22.122,33988.519,
2020-10-06,22.406,34010.925,
2020-10-07,20.384,34031.309,
2020-10-08,19.311,34050.620,
2020-10-09,19.076,34069.696,
2020-10-10,11.639,34081.335,
2020-10-11,8.272,34089.607,
2020-10-12,5.201,34094.808,
2020-10-13,14.343,34109.151,
2020-10-14,16.159,34125.310,
2020-10-15,15.478,34140.788,
2020-10-16,8.997,34149.785,
2020-10-17,15.107,34164.892,
2020-10-18,15.759,34180.651,
2020-10-19,10.760,34191.411,
2020-10-20,15.207,34206.618,
2020-10-21,11.161,34217.779,
2020-10-22,12.961,34230.740,
2020-10-23,13.732,34244.472,
2020-10-24,7.928,34252.400,
2020-10-25,4.708,34257.108,
2020-10-26,11.019,34268.127,
2020-10-27,9.595,34277.722,
2020-10-28,8.602,34286.324,
2020-10-29,2.451,34288.775,
2020-10-30,12.811,34301.586,
2020-10-31,16.384,34317.970,
2020-11-01,5.933,34323.903,
2020-11-02,14.678,34338.581,
2020-11-03,16.311,34354.892,
2020-11-04,13.848,34368.740,
2020-11-05,14.817,34383.557,
2020-11-06,13.077,34396.634,
2020-11-07,12.758,34409.392,
2020-11-08,12.276,34421.668,
2020-11-09,12.498,34434.166,
2020-11-10,12.502,34446.668,
2020-11-11,1.823,34448.491,
2020-11-12,2.357,34450.848,
2020-11-13,12.286,34463.134,
2020-11-14,12.850,34475.984,
2020-11-15,3.424,34479.408,
2020-11-16,12.200,34491.608,
2020-11-17,10.348,34501.956,
2020-11-18,9.548,34511.504,
2020-11-19,14.286,34525.790,
2020-11-20,11.041,34536.831,
2020-11-21,5.121,34541.952,
2020-11-22,6.796,34548.748,
2020-11-23,11.108,34559.856,
2020-11-24,11.833,34571.689,
2020-11-25,12.713,34584.402,
2020-11-26,10.325,34594.727,
2020-11-27,5.847,34600.574,
2020-11-28,10.402,34610.976,
2020-11-29,10.537,34621.513,
2020-11-30,4.611,34626.124,
2020-12-01,10.606,34636.730,
2020-12-02,10.072,34646.802,
2020-12-03,10.961,34657.763,
2020-12-04,2.026,34659.789,
2020-12-05,6.992,34666.781,
2020-12-06,11.002,34677.783,
2020-12-07,10.651,34688.434,
2020-12-08,9.632,34698.066,
2020-12-09,7.302,34705.368,
2020-12-10,9.937,34715.305,
2020-12-11,9.701,34725.006,
2020-12-12,8.936,34733.942,
2020-12-13,11.041,34744.983,
2020-12-14,2.622,34747.605,
2020-12-15,11.543,34759.148,
2020-12-16,0.310,34759.458,
2020-12-17,0.101,34759.559,
2020-12-18,0.049,34759.608,
2020-12-19,0.292,34759.900,
2020-12-20,0.536,34760.436,
2020-12-21,2.942,34763.378,
2020-12-22,7.839,34771.217,
2020-12-23,12.251,34783.468,
2020-12-24,1.229,34784.697,
2020-12-25,8.284,34792.981,
2020-12-26,10.879,34803.860,
2020-12-27,10.018,34813.878,
2020-12-28,9.295,34823.173,
2020-12-29,9.553,34832.726,
2020-12-30,10.822,34843.548,
2020-12-31,4.863,34848.411,
2021-01-01,1.809,34850.220,
2021-01-02,9.251,34859.471,
2021-01-03,2.565,34862.036,
2021-01-04,7.607,34869.643,
2021-01-05,3.422,34873.065,
2021-01-06,3.901,34876.966,
2021-01-07,10.346,34887.312,
2021-01-08,6.379,34893.691,
2021-01-09,10.431,34904.122,
2021-01-10,10.576,34914.698,
2021-01-11,8.134,34922.832,
2021-01-12,10.881,34933.713,
2021-01-13,12.813,34946.526,
2021-01-14,11.942,34958.468,
2021-01-15,8.400,34966.868,
2021-01-16,12.218,34979.086,
2021-01-17,9.724,34988.810,
2021-01-18,10.884,34999.694,
2021-01-19,11.611,35011.305,
2021-01-20,10.949,35022.254,
2021-01-21,12.225,35034.479,
2021-01-22,12.628,35047.107,
2021-01-23,14.172,35061.279,
2021-01-24,12.044,35073.323,
2021-01-25,4.551,35077.874,
2021-01-26,3.022,35080.896,
2021-01-27,12.675,35093.571,
2021-01-28,14.580,35108.151,
2021-01-29,14.045,35122.196,
2021-01-30,15.618,35137.814,
2021-01-31,0.002,35137.816,
2021-02-01,0,35137.816,
2021-02-02,0.103,35137.919,
2021-02-03,0.645,35138.564,
2021-02-04,7.791,35146.355,
2021-02-05,18.124,35164.479,
2021-02-06,13.375,35177.854,
2021-02-07,0.717,35178.571,
2021-02-08,12.746,35191.317,
2021-02-09,16.753,35208.070,
2021-02-10,11.632,35219.702,
2021-02-11,0.594,35220.296,
2021-02-12,2.076,35222.372,
2021-02-13,1.247,35223.619,
2021-02-14,4.179,35227.798,
2021-02-15,5.707,35233.505,
2021-02-16,10.405,35243.910,
2021-02-17,24.790,35268.700,
2021-02-18,0.230,35268.930,
2021-02-19,1.065,35269.995,
2021-02-20,4.703,35274.698,
2021-02-21,20.789,35295.487,
2021-02-22,4.881,35300.368,
2021-02-23,23.316,35323.684,
2021-02-24,28.052,35351.736,
2021-02-25,30.254,35381.990,
2021-02-26,22.342,35404.332,
2021-02-27,15.462,35419.794,
2021-02-28,2.003,35421.797,
2021-03-01,9.704,35431.501,
2021-03-02,35.317,35466.818,
2021-03-03,35.022,35501.840,
2021-03-04,30.269,35532.109,
2021-03-05,37.847,35569.956,
2021-03-06,36.259,35606.215,
2021-03-07,40.236,35646.451,
2021-03-08,40.026,35686.477,
2021-03-09,30.508,35716.985,
2021-03-10,38.806,35755.791,
2021-03-11,37.595,35793.386,
2021-03-12,17.243,35810.629,
2021-03-13,42.538,35853.167,
2021-03-14,43.721,35896.888,
2021-03-15,41.604,35938.492,
2021-03-16,8.013,35946.505,
2021-03-17,8.546,35955.051,
2021-03-18,3.587,35958.638,
2021-03-19,49.403,36008.041,
2021-03-20,49.569,36057.610,
2021-03-21,49.685,36107.295,
2021-03-22,50.316,36157.611,
2021-03-23,23.371,36180.982,
2021-03-24,6.998,36187.980,
2021-03-25,9.984,36197.964,
2021-03-26,24.944,36222.908,
2021-03-27,34.840,36257.748,
2021-03-28,9.737,36267.485,
2021-03-29,55.027,36322.512,
2021-03-30,53.184,36375.696,
2021-03-31,7.598,36383.294,
2021-04-01,32.144,36415.438,
2021-04-02,56.248,36471.686,
2021-04-03,53.004,36524.690,
2021-04-04,52.249,36576.939,
2021-04-05,50.656,36627.595,
2021-04-06,48.069,36675.664,
2021-04-07,38.600,36714.264,
2021-04-08,1.979,36716.243,